,AP,BI,CPInv,CPRet,CRNInv,CRNRet,ComRend,InDispInv,InDispRet,InVencInv,InVencRet,Life,MontoInv,MontoMuerte,MontoRet,MontoRetInv,MontoRetMuerte,MontoRetVol,NumPartInv,NumPartMuertos,NumPartRet,NumPartVol,NumRetMuertos,PT,PagoAntInv,PagoAntRet,PagoPrimPenInv,PagoPrimPenRet,PagoPrimPensionInv,PagoPrimPensionRet,R0Inv,R0Ret,VLR,VMI,VMR,VRCI,Year
0,,,,,,,,,,,,,,,,,,,,,,,,,,,,,,,,,,,,,
0,337855972.806,21283432.7052,4.99148074158e-10,2.57911957205e-07,1420.71309501,1663.28179942,289396.003909,4749844.72622,60917323.4117,0.0,0.0,1.0,4880898.32134,1042759.03491,62598135.6499,0.0,0.0,0.0,1.0,8.0,0.0,275.0,3.0,403527421.923,1420.71309501,1663.28179942,0.0,0.0,131053.595117,1680812.23814,0.0,0.0,57383611.1459,23558.0659866,80033.694021,21283432.7052,0.0
0,351184410.411,21850152.7268,6.3903478126e-07,1.46217293675e-31,0.0,0.0,558806.609484,21313623.6874,121097816.261,409151.133071,4021628.27394,1.0,21911240.0047,5658737.26496,124488991.977,0.0,0.0,0.0,4.0,4.0,0.0,315.0,0.0,419139958.582,135839.15564,1725210.39814,0.0,0.0,597616.317364,3391175.71651,273311.977431,2296417.8758,118318060.863,3597624381.57,62615147.9705,21850152.7268,1.0
0,365739300.605,22513191.7787,5.47100652657e-08,4.75400236072e-30,0.0,0.0,805259.045887,1678670.06555,184155641.224,1546227.05251,5754632.39227,1.0,1726524.4452,5897149.93153,189388606.975,0.0,0.0,0.0,1.0,4.0,0.0,317.0,2.0,436238755.487,752085.242019,5245003.57871,0.0,0.0,47854.3796479,5232965.75055,794141.810491,509628.813564,187228252.02,7418154837.54,187695777.877,22513191.7787,2.0
0,377959970.799,23056482.2515,2.70209517106e-07,7.31093676154e-30,0.0,560578.720208,1026091.09924,30369793.6558,263650719.01,1000115.53934,10179039.6692,1.0,31223870.5647,418904.348536,271250862.564,0.0,0.0,0.0,4.0,2.0,0.0,325.0,2.0,450580284.326,820258.088057,10739618.3894,0.0,0.0,854076.908914,7600143.55431,179857.451284,0.0,260485556.081,11513707863.4,378774924.549,23056482.2515,3.0
0,382396177.722,23145295.8719,74748.1018171,2.67980916257e-30,0.0,123015.280851,1202955.38989,0.0,371942360.684,3138537.62257,18679821.1901,1.0,0.0,153838.119941,382829316.202,0.0,0.0,0.0,0.0,1.0,0.0,356.0,1.0,455664577.072,1716863.10589,18802836.471,0.0,0.0,0.0,10886955.5186,1421674.51667,0.0,338991333.69,16156681130.1,652953537.119,23145295.8719,4.0
0,379417203.314,22845735.0372,7.15195712274e-08,1.73766230684e-30,0.0,1092977.44689,1296069.71244,10471828.6816,409124142.653,2399466.64892,29254312.7397,1.0,10764428.1658,1387899.53067,421271962.404,0.0,0.0,0.0,3.0,4.0,0.0,361.0,6.0,451980829.608,1760471.42878,30347290.1866,0.0,0.0,292599.484281,12147819.751,638995.220132,0.0,404441559.037,21615179041.1,1040231346.36,22845735.0372,5.0
0,380592559.133,22850088.3702,58224.3782642,1.90654676965e-30,0.0,973617.337649,1363652.28391,0.0,446068914.338,3181141.33433,42549902.4657,1.0,0.0,8028414.0024,459413841.698,0.0,0.0,0.0,0.0,3.0,0.0,405.0,2.0,453306345.51,2105218.91426,43523519.8033,0.0,0.0,0.0,13344927.3598,1075922.42007,0.0,425850556.537,26766785702.5,1465858105.5,22850088.3702,6.0
0,384054263.92,23028953.0002,2.9474033861e-08,1.98655117111e-19,0.0,1385619.7548,1401247.30034,22612044.1716,543029488.314,2869584.24785,56876502.3062,1.0,23256652.8822,1000113.1768,559476274.848,0.0,0.0,0.0,1.0,4.0,0.0,407.0,7.0,457396872.944,2158691.47468,58262122.061,0.0,0.0,644608.710556,16446786.5331,710892.773173,0.0,477245462.272,32375272180.1,1932818675.47,23028953.0002,7.0
0,394127014.51,23708966.1285,9.50416079605e-08,2.42279596339e-29,0.0,2747635.06276,1370793.03049,3216350.05927,425872209.403,4630585.78814,73836831.2583,1.0,3308039.5699,1337638.42026,438955381.442,0.0,0.0,0.0,1.0,5.0,0.0,344.0,3.0,469478629.931,2874504.00994,76584466.321,0.0,0.0,91689.5106286,13083172.0385,1756081.7782,0.0,443659333.118,38599794821.0,2503371254.62,23708966.1285,8.0
0,414727420.308,24932439.6536,2.07684322443e-07,2.23205758721e-29,0.0,0.0,1458482.62584,35571575.2564,560881026.303,4181230.26896,102101118.613,1.0,36705745.3626,12602706.7051,578036607.498,0.0,0.0,0.0,2.0,6.0,0.0,407.0,6.0,493999842.653,2882056.18042,91497127.7097,0.0,0.0,1134170.10617,17155581.1951,1299174.08854,10603990.9031,503299848.495,43211892607.5,2956238130.58,24932439.6536,9.0
0,410864506.698,24727614.7074,1.32054560495e-31,2.58012871514e-29,0.0,75854969.2924,1421105.33367,24783520.1444,380951908.071,6753622.53788,35386530.494,1.0,25516310.5683,2619274.93624,392509539.721,0.0,0.0,0.0,2.0,5.0,0.0,337.0,11.0,489429349.893,4118238.43426,111241499.786,0.0,0.0,732790.423845,11557631.6497,2635384.10362,0.0,473653409.116,49492021804.3,3537024171.48,24727614.7074,10.0
0,418050287.893,25044716.8106,2.7834531381e-21,1.89754801546e-29,0.0,0.0,1554345.27974,58342381.3783,575836062.174,6451086.30489,457373862.868,1.0,59953326.6748,305886.241657,593735840.283,0.0,0.0,0.0,2.0,2.0,0.0,371.0,4.0,497859555.847,4974244.9911,125620005.452,0.0,0.0,1610945.29644,17899778.109,1476841.31378,331753857.415,543301274.655,54589950223.7,3945437328.02,25044716.8106,11.0
0,422465455.24,25350143.3505,6.81799681958e-31,1.43129983656e-28,0.0,77460602.2101,1531653.46786,3484984.24223,528778842.724,7174284.31989,69503335.6151,1.0,3582700.30776,13028098.9283,544996789.194,0.0,0.0,0.0,1.0,4.0,0.0,378.0,9.0,503163593.921,6752454.12085,146963937.825,0.0,0.0,97716.0655299,16217946.4706,421830.199044,0.0,524306042.956,60566951854.1,4551613311.66,25350143.3505,12.0
0,434286812.753,26088113.3872,754376.187633,2.00933711444e-29,255495.663216,0.0,1548120.05071,0.0,529879958.231,6768668.8459,287638846.692,1.0,0.0,5426776.11881,546147418.929,0.0,0.0,0.0,0.0,6.0,0.0,379.0,12.0,517275197.91,7024164.50911,166738946.154,0.0,0.0,0.0,16267460.699,0.0,120899900.538,513174351.328,66696596460.2,5112520816.73,26088113.3872,13.0
0,444377624.544,26700042.8866,645733.790442,5.41871074745e-29,104686.149779,0.0,1580070.49824,0.0,569061322.224,7097892.13787,327824542.303,1.0,0.0,6394703.85283,586511698.659,0.0,0.0,0.0,0.0,6.0,0.0,387.0,15.0,529300749.922,7202578.28765,186851376.961,0.0,0.0,0.0,17450376.4352,0.0,140973165.341,519600729.221,72626644568.8,5665980923.5,26700042.8866,14.0
0,443638924.191,26654763.775,5.48812106869e-31,4.57674772328e-29,373887.491717,0.0,1578542.28589,3635266.30051,508692282.976,7011636.28443,262793851.411,1.0,3740733.92015,1460301.71154,524574853.465,0.0,0.0,0.0,1.0,6.0,0.0,365.0,17.0,528419874.119,7385523.77615,208449741.054,0.0,0.0,105467.61964,15882570.4893,0.0,54344110.3577,523791153.694,79170761880.0,6252448693.37,26654763.775,15.0
0,458586279.658,27535791.617,1206058.85583,3.21244417558e-29,0.0,158478060.946,1646967.89979,0.0,584992154.446,10968116.6017,71268814.1713,1.0,0.0,84344.730918,602951156.478,0.0,0.0,0.0,0.0,1.0,0.0,412.0,16.0,546204574.466,7681262.57725,229746875.117,0.0,0.0,0.0,17959002.0314,3286854.02447,0.0,564290595.474,84563432665.4,6775527582.06,27535791.617,16.0
0,462490951.004,27772160.2953,1.69250000463e-28,1.19498169691e-25,561336.687766,0.0,1658258.71466,12375280.0223,680319003.951,7315029.95894,721632799.769,1.0,12728084.2889,4077443.07167,701432591.31,0.0,0.0,0.0,2.0,5.0,0.0,380.0,18.0,550857428.427,7876366.64671,253096169.402,0.0,0.0,352804.266604,21113587.3591,0.0,468536630.367,560762880.845,91469293902.2,7398475291.27,27772160.2953,17.0
0,459189925.343,27645756.2933,6.75987312821e-31,3.12684550883e-28,0.0,0.0,1579857.50639,13877627.0059,549342706.955,8592758.12321,713977753.983,1.0,14266692.9629,3780415.96435,566300411.616,0.0,0.0,0.0,2.0,3.0,0.0,383.0,22.0,547006383.861,8438191.85451,280008989.046,0.0,0.0,389065.956956,16957704.6607,154566.268701,433968764.936,527213272.726,98447723299.5,8102224191.84,27645756.2933,18.0
0,476827457.974,28722801.8024,5.89283621417e-31,8.65798192904e-18,461994.347611,0.0,1626287.23055,8691392.1819,606471201.838,8589475.81227,353985483.95,1.0,8939160.45375,975360.959205,625009526.553,0.0,0.0,0.0,1.0,2.0,0.0,417.0,26.0,568033999.749,9051470.15988,303757038.729,0.0,0.0,247768.271847,18538324.7154,0.0,50228445.2201,540812761.82,1.04439680988e+11,8661798451.54,28722801.8024,19.0
0,472316076.695,28436389.4714,5.07017141751e-25,1.83410455364e-28,165989.135875,0.0,1624684.09321,4575729.58414,526706534.183,9369449.95201,366971127.239,1.0,4708482.25408,1607335.95334,543017307.766,0.0,0.0,0.0,1.0,3.0,0.0,371.0,22.0,562643220.411,9535439.08789,329461365.728,0.0,0.0,132752.669946,16310773.5836,0.0,37509761.5111,532199590.39,1.11517221467e+11,9295890265.3,28436389.4714,20.0
0,488593241.77,29386378.5475,1676255.76029,2.92123895764e-29,0.0,190264620.454,1706577.28336,0.0,520665246.953,14311497.2337,163051131.8,1.0,0.0,3523184.06072,536454537.233,0.0,0.0,0.0,0.0,2.0,0.0,366.0,19.0,581999573.391,9913763.82848,353315752.253,0.0,0.0,0.0,15789290.2799,4397733.40524,0.0,559136360.343,1.17538159985e+11,9838450366.96,29386378.5475,21.0
0,512270723.339,30778006.8958,3.75598217195e-30,3.59204037126e-28,728931.85839,0.0,1819276.58894,46685705.3643,683125731.006,9436641.57134,783463847.024,1.0,47992518.2914,5111882.50262,704104942.02,0.0,0.0,0.0,4.0,6.0,0.0,410.0,39.0,610167112.624,10165573.4297,376751724.419,0.0,0.0,1306812.92717,20979211.0135,0.0,406712122.605,609017958.129,1.23604188658e+11,10361343098.4,30778006.8958,22.0
0,521835529.186,31405985.7819,4.73148083679e-31,1.37132877443e-28,0.0,0.0,1804227.63148,5020098.60142,586692521.539,11914492.5447,423999355.334,1.0,5177279.16232,1005563.51109,604624287.463,0.0,0.0,0.0,1.0,1.0,0.0,355.0,39.0,621619679.739,11763784.9704,405377368.867,0.0,0.0,157180.560906,17931765.9237,150707.574384,18621986.4661,603355336.64,1.3078179262e+11,11040297062.5,31405985.7819,23.0
0,525450302.416,31556852.1612,2.97720069732e-26,2.61764068088e-29,0.0,0.0,1879791.75948,15744636.5299,636141522.946,16748064.1114,535479001.908,1.0,16186103.0698,2007791.41055,655603712.08,0.0,0.0,0.0,1.0,4.0,0.0,375.0,45.0,625850735.481,12221164.1996,430488427.367,0.0,0.0,441466.539864,19462189.134,4526899.9119,104990574.541,629208684.958,1.37083176837e+11,11603933018.7,31556852.1612,24.0
0,548296014.677,32956875.0664,1163386.12034,1075858367.01,771313.395118,0.0,1936442.39974,0.0,675027614.374,12212948.1651,2254788528.77,1.0,0.0,2006727.025,695628490.053,0.0,0.0,0.0,0.0,2.0,0.0,377.0,40.0,653093134.543,12984261.5602,457188672.55,0.0,0.0,0.0,20600875.6789,0.0,1797599856.22,648982990.835,1.43741401846e+11,12185314264.4,32956875.0664,25.0
0,554204618.713,33301199.4128,4.37364342386e-30,4.0115220014e-29,101893.124213,334489474.024,1968402.98256,86689637.8109,838452915.539,13212168.6796,148738495.552,1.0,89345597.0426,2359043.91902,864652939.584,0.0,0.0,0.0,3.0,3.0,0.0,421.0,45.0,660118896.77,13314061.8038,483227969.576,0.0,0.0,2655959.23171,26200024.0449,0.0,0.0,684080149.99,1.51136701335e+11,12791311550.9,33301199.4128,26.0
0,547555863.103,32998917.2226,1308871.39477,1.5071460577e-25,410454.873043,0.0,1852156.26776,0.0,627898080.553,15879852.5393,878577469.645,1.0,0.0,8012486.05864,647224347.381,0.0,0.0,0.0,0.0,6.0,0.0,395.0,43.0,652308741.939,16290307.4123,519096220.086,0.0,0.0,0.0,19326266.8283,0.0,359481249.559,612707093.808,1.58839213092e+11,13518902784.8,32998917.2226,27.0
0,568682858.625,34268460.4688,3.16112448774e-30,56567009.703,1342004.54729,0.0,1926092.41105,19921391.6766,583033004.59,15362076.6733,881436654.755,1.0,20471045.4336,601115.941762,600695594.379,0.0,0.0,0.0,1.0,1.0,0.0,359.0,48.0,677473392.24,16704081.2206,549527402.685,0.0,0.0,549653.757003,17662589.7886,0.0,331909252.07,628754013.873,1.6533914305e+11,14104560750.7,34268460.4688,28.0
0,584106469.094,35105481.5223,1.67652533889e-30,6.16817593378e-28,0.0,438569761.648,2065347.92043,51377101.275,753480809.039,19158823.9637,141022939.684,1.0,52836958.0441,1833388.05462,776509936.029,0.0,0.0,0.0,5.0,3.0,0.0,386.0,44.0,695743764.738,17691979.846,579592701.332,0.0,0.0,1459856.76915,23029126.9898,1466844.11767,0.0,690263961.932,1.71900744083e+11,14648370684.5,35105481.5223,29.0
0,589599720.818,35453147.7489,2242803.07412,1.31116292748e-26,2155369.22531,0.0,2068803.98189,0.0,710428277.653,17161727.2068,1629160524.7,1.0,0.0,2989454.48258,732238977.666,0.0,0.0,0.0,0.0,2.0,0.0,372.0,57.0,702306593.896,19317096.4321,614148062.427,0.0,0.0,0.0,21810700.0125,0.0,1015012462.28,686174575.47,1.79900060208e+11,15380222777.1,35453147.7489,30.0
0,611215407.429,36770665.4122,3.19789802025e-30,1.55699091588e-28,0.0,0.0,2127976.77898,31222881.7799,852177355.526,22472394.3064,1699049294.66,1.0,32113442.1314,7846873.74752,878416444.908,0.0,0.0,0.0,3.0,7.0,0.0,422.0,75.0,728074239.148,19708706.7729,644047810.813,0.0,0.0,890560.351454,26239089.3823,2763687.53348,1055001483.84,704624488.606,1.87164578844e+11,16025445975.7,36770665.4122,31.0
0,625037829.332,37711669.4146,4.53024483534e-30,70225854.0171,1604145.622,0.0,2074360.32607,66520665.8007,819225513.385,19518342.8873,1462566927.03,1.0,68366185.4186,7513552.11933,844339525.626,0.0,0.0,0.0,2.0,3.0,0.0,409.0,67.0,744662358.142,21122488.5093,680834040.823,0.0,0.0,1845519.61789,25114012.2405,0.0,781732886.208,682234892.418,1.9527961861e+11,16737235445.9,37711669.4146,32.0
0,633834555.593,38298015.6603,1.78237173299e-28,2.18836425035e-29,0.0,0.0,2053463.48844,28954095.5453,650425185.067,24221471.6172,918041655.892,1.0,29810200.0786,6554120.24119,670218361.085,0.0,0.0,0.0,1.0,4.0,0.0,370.0,61.0,755205136.24,23551395.5336,720072876.905,0.0,0.0,856104.533296,19793176.0184,670076.083603,197968778.986,662022334.61,2.03581238454e+11,17435473400.2,38298015.6603,33.0
0,664205210.131,40073406.7841,4.99650290596e-30,1212856124.02,3998833.36983,0.0,2206860.97146,11685427.8687,774562476.228,21028617.1988,2802538132.86,1.0,12007842.0571,805751.766838,798314089.371,0.0,0.0,0.0,1.0,1.0,0.0,392.0,58.0,791324288.669,25027450.5686,753052771.929,0.0,0.0,322414.18845,23751613.1435,0.0,2049485360.93,719010858.114,2.10561916961e+11,18008186331.2,40073406.7841,34.0
0,691494469.352,41726638.7778,2.0584308381e-30,6.90272321247e-18,0.0,617437022.951,2291106.22724,32047604.9274,856382735.45,34452171.4235,172661944.41,1.0,33013577.1924,9167493.15602,882667672.67,0.0,0.0,0.0,2.0,4.0,0.0,386.0,80.0,823843941.719,25993751.3219,790098967.361,0.0,0.0,965972.264964,26284937.2197,8458420.10161,0.0,735675314.578,2.18433818856e+11,18676641766.0,41726638.7778,35.0
0,709845887.285,42868940.668,2.4337933926e-30,2.80994618122e-29,7428619.12318,0.0,2318395.14646,60737854.9308,817090920.188,20215881.4428,1523258220.69,1.0,62532835.4783,13343568.6233,841929469.903,0.0,0.0,0.0,2.0,6.0,0.0,389.0,83.0,845746997.7,27644500.566,829463747.54,0.0,0.0,1794980.54747,24838549.7156,0.0,693794473.148,737975008.751,2.26688490422e+11,19413735734.6,42868940.668,36.0
0,729124387.303,44017057.8194,10921200.7247,7.53741142655e-29,0.0,0.0,2395692.01842,0.0,730744293.67,45837159.5927,1680171693.96,1.0,0.0,2708520.5905,752865507.342,0.0,0.0,0.0,0.0,2.0,0.0,352.0,112.0,868698252.946,30187243.9337,865469842.972,0.0,0.0,0.0,22121213.6722,15649915.6589,814701850.985,771494948.89,2.34920461244e+11,20077179019.7,44017057.8194,37.0
0,755284170.256,45482609.7869,9829646.63717,6.23336656174e-29,10803518.4201,0.0,2586963.8139,0.0,858653898.41,20150481.5095,1907715144.91,1.0,0.0,6347702.67214,884650838.587,0.0,0.0,0.0,0.0,5.0,0.0,375.0,105.0,899737955.105,30953999.9296,903422476.727,0.0,0.0,0.0,25996940.177,0.0,1004292668.18,844752072.438,2.41839824549e+11,20586778032.7,45482609.7869,38.0
0,785926952.324,47316886.6686,8.26319121591e-24,6.22607865232e-29,0.0,0.0,2703783.0928,57176379.2503,970969119.797,56640228.5138,1416073839.45,1.0,58881649.3246,0.0,1000916901.71,0.0,0.0,0.0,2.0,0.0,0.0,364.0,119.0,936229032.576,31318250.5467,944204723.346,0.0,0.0,1705270.07427,29947781.918,25321977.967,471869116.103,903532154.274,2.50187519842e+11,21303260798.6,47316886.6686,39.0
0,809184833.527,48746551.0417,3.94773004049e-30,9.41514721845e-26,8170584.04049,0.0,2755718.3488,50617879.8359,919004519.74,25691734.0043,2749318400.53,1.0,52139660.1737,13117696.5358,947202530.234,0.0,0.0,0.0,3.0,5.0,0.0,361.0,117.0,963967847.83,33862318.0448,990990561.871,0.0,0.0,1521780.33783,28198010.4934,0.0,1758327838.66,903856394.752,2.58224629778e+11,22083953257.2,48746551.0417,40.0
0,848815542.688,51144292.9615,51657316.9628,9.8738807175e-29,0.0,0.0,2880518.64191,0.0,976631878.565,181727966.309,6237636628.91,1.0,0.0,5427725.05725,1006473895.81,0.0,0.0,0.0,0.0,3.0,0.0,396.0,135.0,1011190826.57,36282854.4815,1032651063.58,0.0,0.0,0.0,29842017.245,145445111.828,5204985565.34,935024954.143,2.66570726933e+11,22826705323.5,51144292.9615,41.0
0,892400335.786,53791364.0042,10.2457746063,4.88841211815e-28,0.0,0.0,3008446.98092,44472259.6515,1136213861.21,73236369.4596,1179223457.76,1.0,45951786.6167,11266298.7773,1171018316.9,0.0,0.0,0.0,1.0,6.0,0.0,416.0,134.0,1063136741.34,37204438.9854,1077698438.94,0.0,0.0,1479526.96518,34804455.6902,36031930.4742,101525018.821,982268209.262,2.75093086399e+11,23557128089.7,53791364.0042,42.0
0,933746443.562,56404802.0026,15296481.8885,1161009350.18,14698000.7831,0.0,3036084.84866,0.0,928182430.553,24732169.4751,4296210510.09,1.0,0.0,0.0,956367715.153,0.0,0.0,0.0,0.0,0.0,0.0,376.0,148.0,1112529489.4,39430170.2582,1129274082.99,0.0,0.0,0.0,28185284.6002,0.0,3166936427.11,979651231.17,2.85171543308e+11,24459255900.3,56404802.0026,43.0
0,983962180.149,59327414.7864,2.34109087593e-30,7.62900154742e-20,0.0,914298594.997,3302434.26586,19518626.0,1093259232.03,50872908.379,257639449.85,1.0,20129759.1323,18459398.7801,1126717960.41,0.0,0.0,0.0,1.0,5.0,0.0,372.0,148.0,1172235499.93,40431696.5828,1171938044.85,0.0,0.0,611133.13231,33458728.3862,10441211.7962,0.0,1088283785.4,2.9421438159e+11,25159225786.9,59327414.7864,44.0
0,1006856006.59,60633877.7413,6.89605869995e-30,6.08176064957e-29,894355.198853,0.0,3447973.01357,61580340.1394,1177971749.25,40089397.3432,2059367488.61,1.0,63307001.7637,855189.699325,1214096442.46,0.0,0.0,0.0,1.0,2.0,0.0,380.0,186.0,1199426836.33,40983752.5421,1219824511.65,0.0,0.0,1726661.62432,36124693.2129,0.0,839542976.952,1117811467.76,3.0387887061e+11,25989264470.5,60633877.7413,45.0
0,1039824706.32,62604782.9103,1.4068428298e-29,473582260.134,0.0,0.0,3573623.4037,93986821.2335,1265056086.53,52693340.2295,3714986423.47,1.0,96716154.0518,10776703.0304,1303691148.73,0.0,0.0,0.0,3.0,3.0,0.0,380.0,186.0,1238684819.36,42080767.0104,1270664226.19,0.0,0.0,2729332.81829,38635062.1989,10612573.2191,2444322197.28,1168874965.89,3.13656288511e+11,26877457068.8,62604782.9103,46.0
0,1076101835.32,64836411.0213,2.93303140292e-29,2.96294679615e-29,6939837.22866,1111378836.19,3655155.71199,52426716.7705,1328244630.53,39008439.1356,210956293.943,1.0,53924721.56,3683662.30631,1368632082.9,0.0,0.0,0.0,2.0,2.0,0.0,399.0,201.0,1281953085.78,45948276.3643,1322335130.13,0.0,0.0,1498004.78953,40387452.3722,0.0,0.0,1196451063.22,3.23845907306e+11,27815596860.0,64836411.0213,47.0
0,1129555847.59,68163767.8354,5.17307881919e-26,260.977081387,0.0,0.0,3739442.72864,51920623.8804,1202905960.47,50813051.5362,4603490019.35,1.0,53454623.7308,25552065.0899,1239713022.14,0.0,0.0,0.0,2.0,4.0,0.0,379.0,210.0,1345752376.88,48449129.7221,1379571981.09,0.0,0.0,1533999.85038,36807061.67,2363921.81411,3223918038.25,1235825464.15,3.3523014767e+11,28822558483.3,68163767.8354,48.0
0,1176089124.07,70896992.3476,2.06739788503e-25,1.16956234213e-28,2405488.11261,1162630427.07,3962009.51427,120885891.885,1334850367.28,48847212.951,263209016.085,1.0,124748877.849,15977972.651,1375639877.06,0.0,0.0,0.0,1.0,4.0,0.0,386.0,234.0,1401107995.97,51252701.0636,1425839443.15,0.0,0.0,3862985.96429,40789509.7863,0.0,0.0,1289706815.02,3.46543675225e+11,29716489704.5,70896992.3476,49.0
0,1226980432.53,73959009.7953,30208991.5969,3.71386285083e-28,0.0,0.0,4137737.84604,116352997.475,1424418325.92,784357690.56,11752581802.1,1.0,119752727.772,4666608.32439,1467940599.09,0.0,0.0,0.0,3.0,3.0,0.0,395.0,228.0,1461729710.47,56056306.284,1481581541.09,0.0,0.0,3399730.29723,43522273.1672,728301384.276,10271000261.0,1346514460.69,3.58054479495e+11,30655135894.1,73959009.7953,50.0
0,1295156168.52,78124888.1316,2.84828554012e-27,8.45614696817e-29,0.0,0.0,4316539.9085,49227882.436,1342069782.44,75478792.6383,1969960287.28,1.0,50608191.3992,4304288.44299,1382781612.56,0.0,0.0,0.0,1.0,2.0,0.0,380.0,235.0,1543012423.2,60792175.6736,1531116534.42,0.0,0.0,1380308.96316,40711830.1169,14686616.9646,438843752.861,1417211524.62,3.7071335059e+11,31718200572.2,78124888.1316,51.0
0,1364737959.94,82223484.0393,1.98088365208e-29,1342252283.93,3820229.24953,0.0,4642478.73845,43101350.5257,1678388660.1,59031872.4192,7742251155.94,1.0,44309876.6192,13077638.9402,1730509854.01,0.0,0.0,0.0,1.0,4.0,0.0,380.0,277.0,1625799375.26,62852101.6688,1580712256.76,0.0,0.0,1208526.09356,52121193.9139,0.0,6161538899.18,1565545293.4,3.82579430974e+11,32586428042.0,82223484.0393,52.0
0,1414206000.36,85285333.6212,8.57938797163e-28,8.03491332333e-29,0.0,1143729971.69,4731506.16955,99208456.3617,1735587089.83,103692109.22,500994730.805,1.0,102018054.305,25937291.0659,1788928441.43,0.0,0.0,0.0,2.0,3.0,0.0,393.0,297.0,1684821723.58,65122541.3799,1644724702.5,0.0,0.0,2809597.94304,53341351.5926,38569567.8403,0.0,1537341887.88,3.9626629108e+11,33868930267.0,85285333.6212,53.0
0,1483838587.84,89632764.1589,59400676.2539,6.5632471174e-29,0.0,0.0,4826241.2988,0.0,1485323900.36,185548473.407,2797457526.36,1.0,0.0,12901811.4324,1530345481.58,0.0,0.0,0.0,0.0,3.0,0.0,353.0,303.0,1767945339.33,65876775.6007,1701167743.67,0.0,0.0,0.0,45021581.2213,119671697.806,1096289782.7,1535776781.14,4.10352792935e+11,35185036435.0,89632764.1589,54.0
0,1557445615.4,93908689.4801,29739002.3109,68.3830926392,0.0,0.0,5224228.59574,53981780.9506,1668252205.81,125932249.564,5702888647.4,1.0,55520656.6908,22215645.7777,1718805499.31,0.0,0.0,0.0,1.0,7.0,0.0,371.0,305.0,1855454275.14,67222535.5735,1757676402.9,0.0,0.0,1538875.7402,50553293.4996,58709713.9907,3945212244.5,1691772757.67,4.23067070968e+11,36128594963.4,93908689.4801,55.0
0,1643641444.41,99058480.5484,46976600.9355,1.0559459137e-27,0.0,1488961106.92,5558468.05293,0.0,1850546376.08,83131587.3432,323001740.398,1.0,0.0,0.0,1907110485.41,0.0,0.0,0.0,0.0,0.0,0.0,374.0,331.0,1958089803.33,64126124.3234,1811962847.32,0.0,0.0,0.0,56564109.3281,19005463.0198,0.0,1794983649.73,4.37627232001e+11,37344547983.5,99058480.5484,56.0
0,1714936785.18,103313651.231,50616857.5398,1.6329622647e-28,6815779.31237,0.0,5838238.62412,0.0,2038075956.01,56857670.5397,9011120944.42,1.0,0.0,20051866.3735,2100424440.58,0.0,0.0,0.0,0.0,7.0,0.0,391.0,328.0,2042978018.44,63673449.852,1871207804.13,0.0,0.0,0.0,62348484.5663,0.0,7139913140.29,1901520103.86,4.53422832738e+11,38642554265.9,103313651.231,57.0
0,1797810805.15,108405939.457,3.98012959767e-29,2.28498035797e-28,43485674.8657,0.0,6028611.42136,76919562.5972,1978919712.41,21805080.6126,2641775452.97,1.0,79281988.1652,12019796.0663,2039501367.18,0.0,0.0,0.0,1.0,4.0,0.0,369.0,361.0,2141816566.97,65290755.4783,1939114213.8,0.0,0.0,2362425.568,60581654.7667,0.0,702661239.171,1989169487.56,4.70939111565e+11,40134915479.8,108405939.457,58.0
0,1887039468.49,113739686.848,3.13208056505e-25,9.39292384086e-29,0.0,0.0,6369684.55717,126558824.837,2229511336.73,206474405.17,2051851334.85,1.0,130137650.732,16778800.8083,2297895851.17,0.0,0.0,0.0,2.0,5.0,0.0,375.0,380.0,2248066466.68,69371571.8448,1998226789.54,0.0,0.0,3578825.89528,68384514.4399,137102833.325,53624545.3118,2099678620.46,4.88534386707e+11,41586906039.8,113739686.848,59.0
0,1975087479.25,119130885.713,1.34457227498e-29,2.42178136138e-28,0.0,0.0,6588049.94027,117093653.267,2225356744.19,209787292.941,7322805815.26,1.0,120431679.156,28260520.8183,2293372906.5,0.0,0.0,0.0,2.0,5.0,0.0,377.0,342.0,2353054342.66,73230972.6334,2070949737.64,0.0,0.0,3338025.88896,68016162.3091,136556320.308,5251856077.62,2166908753.39,5.07104810507e+11,43218065530.1,119130885.713,60.0
0,2080248326.51,125509984.899,1.49033263784e-29,1.34185573711e-28,0.0,1442340015.54,6907980.33129,222618176.832,2504067954.54,414272478.092,697457104.382,1.0,228832260.109,29179452.7204,2580848289.85,0.0,0.0,0.0,3.0,5.0,0.0,381.0,370.0,2478380125.18,78513851.0849,2139797119.92,0.0,0.0,6214083.27718,76780335.3137,335758627.007,0.0,2253173022.45,5.27150977162e+11,44905531741.9,125509984.899,61.0
0,2171422342.26,131146437.497,2.30848750521e-28,7.96842987663e-27,37777607.5572,0.0,7084571.84181,62327391.2425,2349685448.58,48444745.512,8414517902.11,1.0,64135655.3556,14106671.8364,2421243413.82,0.0,0.0,0.0,1.0,4.0,0.0,380.0,352.0,2587155932.32,86222353.0692,2221271548.98,0.0,0.0,1808264.11309,71557965.235,0.0,6193246353.13,2297420115.59,5.48240467962e+11,46780178453.8,131146437.497,62.0
0,2294392818.89,138523839.477,28779088.996,1.69590552777e-28,0.0,0.0,7530210.3727,66369799.3542,2466524030.12,386497067.358,7198146983.27,1.0,68295343.2278,28865556.335,2541155332.64,0.0,0.0,0.0,1.0,7.0,0.0,384.0,368.0,2733614222.89,89129396.4541,2297608759.76,0.0,0.0,1925543.87361,74631302.5208,297367670.904,4900538223.51,2403481233.16,5.70657818191e+11,48515184002.5,138523839.477,63.0
0,2426648563.83,146464538.053,4.68884892261e-29,7.93335888938e-28,65631069.4991,1986728669.43,8009406.36719,75137936.8841,2479600194.35,27016081.7898,395294267.521,1.0,77211077.6552,6771274.77997,2555292061.67,0.0,0.0,0.0,1.0,2.0,0.0,383.0,392.0,2891138316.72,92647151.2889,2382022936.95,0.0,0.0,2073140.7711,75691867.3238,0.0,0.0,2588773635.93,5.94389830696e+11,50371955039.0,146464538.053,64.0
0,2568740466.83,154846793.162,44816147.5756,1.30895131862e-27,0.0,0.0,8655425.33392,178589063.409,3242482505.65,2144105769.39,10039405890.1,1.0,183695408.307,56513344.3646,3341670244.26,0.0,0.0,0.0,2.0,5.0,0.0,411.0,361.0,3060210404.48,95353677.0428,2468481812.1,0.0,0.0,5106344.89874,99187738.6082,2048752092.35,7570924078.01,2865188137.98,6.19555120639e+11,52247901677.8,154846793.162,65.0
0,2708018940.27,163642155.842,2.87336181701e-29,7.20782896068e-29,0.0,1952744593.71,8756258.28418,255640761.935,3092133196.8,387943313.317,616397686.5,1.0,262924611.248,10104060.6407,3186690292.03,0.0,0.0,0.0,3.0,4.0,0.0,397.0,406.0,3226585501.24,100187215.206,2569142280.21,0.0,0.0,7283849.31212,94557095.2292,287756098.111,0.0,2866017598.82,6.49252359699e+11,54869814657.3,163642155.842,66.0
0,2866654899.03,173332183.673,8.51647434948e-30,8045220.93153,74674790.9938,0.0,9173506.5542,181795494.445,2807467110.79,30118806.3245,9829267117.34,1.0,186938488.764,18438814.9572,2892969835.16,0.0,0.0,0.0,2.0,4.0,0.0,367.0,375.0,3415715823.27,104793597.318,2671704386.59,0.0,0.0,5142994.31888,85502724.3682,0.0,7157562730.75,2940197384.54,6.78775712657e+11,57291954093.9,173332183.673,67.0
0,3034384168.97,183146870.648,1.74190437868e-27,1.02773548108e-27,0.0,2191955491.0,10012195.0313,410569374.083,3302225865.7,195098883.602,573934589.049,1.0,422349946.982,27788538.4942,3402710707.26,0.0,0.0,0.0,4.0,5.0,0.0,387.0,386.0,3615203415.3,112243023.973,2765890080.05,0.0,0.0,11780572.8989,100484841.558,82855859.6289,0.0,3217916578.38,7.07567998079e+11,59447017235.0,183146870.648,68.0
0,3214652778.6,194005685.404,1.6590826986e-29,19039509.2302,0.0,0.0,10627736.9628,96359695.5785,3497341445.23,1215948187.26,16901971918.7,1.0,99155316.8292,5555585.50735,3603757767.22,0.0,0.0,0.0,1.0,2.0,0.0,394.0,385.0,3829953330.34,127173796.233,2871970386.55,0.0,0.0,2795621.25078,106416321.994,1088774391.02,14030001532.2,3468245316.09,7.40821978339e+11,62154260528.1,194005685.404,69.0
0,3390480715.95,204529299.141,1.31108459021e-28,3.10466721384e-28,0.0,1867487114.43,11289929.8885,110010093.865,3676661860.74,339543257.97,1121038587.51,1.0,113094685.586,34721548.6638,3788887820.01,0.0,0.0,0.0,1.0,6.0,0.0,368.0,406.0,4039337095.61,130214595.011,2988525701.95,0.0,0.0,3084591.7209,112225959.267,209328662.959,0.0,3716083662.91,7.77072348415e+11,64970405833.4,204529299.141,70.0
